<?xml version="1.0" encoding="utf-8"?>
<install type="module" version="1.5.0" method="upgrade">
	<name>AL EventList Scroller</name>
	<creationDate>2009-10-31</creationDate>
	<author>Adrian Levano</author>
	<copyright>Copyright (C) 2009 Adrian Levano. All rights reserved.
	</copyright>
	<license>http://www.gnu.org/licenses/gpl-2.0.html GNU/GPL</license>
	<authorEmail>info@adrianlevano.com</authorEmail>
	<authorUrl>http://www.adrianlevano.com</authorUrl>
	<version>1.0.3</version>
	<description>AL EventList Scroller Module v1.0.3 for Joomla! 1.5.x from http://www.adrianlevano.com</description>

	<files>
		<filename module="mod_eventlist_alscroller">mod_eventlist_alscroller.php</filename>
		<filename>index.html</filename>
		<filename>helper.php</filename>
		<folder>assets</folder>
		<folder>cache</folder>
		<folder>tmpl</folder>
	</files>

	<languages>
		<language tag="en-GB">languages/en-GB.mod_eventlist_alscroller.ini
		</language>
	</languages>

	<params>

		<param name="moduleclass_sfx" type="text" default=""
			label="MODULE CLASS SUFFIX" description="MODULE CLASS SUFFIX DESC" />
		<param name="module_unique_id" type="text" default="elmodscroller1"
			label="MODULE ID" description="MODULE ID DESC" />
		<param name="width_module" type="text" default="160" label="MODULE WIDTH"
			description="MODULE WIDTH DESC" />
		<param name="heigth_module" type="text" default="200" label="MODULE HEIGHT"
			description="MODULE HEIGHT DESC" />
		<param name="columns" type="text" default="1" label="COLUMNS IN MODULE"
			description="COLUMNS IN MODULE DESC" />
		<param name="rows" type="text" default="1" label="ROWS IN MODULE"
			description="ROWS IN MODULE DESC" />
		<param name="padding" type="text" default="0px" size="5" label="PADDING"
			description="PADDING DESC" />

		<param type="spacer" />

		<param name="count" type="text" default="5" label="EVENTS IN MODULE"
			description="EVENTS IN MODULE DESC" />
		<param name="type" type="list" default="1"
			label="UPCOMING ARCHIVED OR CURRENT" description="UPCOMING ARCHIVED OR CURRENT DESC">
			<option value="1">UPCOMING EVENTS</option>
			<option value="0">PUBLISHED EVENTS</option>
			<option value="2">ARCHIVED EVENTS</option>
			<option value="3">CURRENT EVENTS</option>
			<option value="4">WEEK EVENTS 1</option>
			<option value="5">WEEK EVENTS 2</option>
			<option value="6">WEEK EVENTS 3</option>
		</param>
		<param name="catid" type="text" default="" label="CATEGORY ID"
			description="CATEGORY ID DESC" />
		<param name="venid" type="text" default="" label="VENUE ID"
			description="VENUE ID DESC" />
		<param name="eveid" type="text" default="" label="EVENT ID"
			description="EVENT ID DESC" />
		<param name="cityloc" type="text" default="" label="CITY"
			description="CITY DESC" />
		<param name="stateloc" type="text" default="" label="STATE"
			description="STATE DESC" />
		<param name="countryloc" type="text" default="" label="COUNTRY"
			description="COUNTRY DESC" />
		<param name="events_sort_value" type="list" default="dates"
			label="EVENTS SORT VALUE" description="EVENTS SORT VALUE">
			<option value="a.id">EVENT ID</option>
			<option value="dates">DATE</option>
			<option value="title">TITLE</option>
			<option value="venue">VENUE</option>
			<option value="catname">CATEGORY</option>
			<option value="city">CITY</option>
			<option value="random">RANDOM</option>
		</param>

		<param name="events_sort_order" type="list" default="DESC"
			label="EVENTS SORT ORDER" description="EVENTS SORT ORDER DESC">
			<option value="ASC">ASC</option>
			<option value="DESC">DESC</option>
		</param>

		<param name="linkdet" type="list" default="1" label="LINK TO DETAILS"
			description="LINK TO DETAILS DESC">
			<option value="0">NO</option>
			<option value="1">TITLE</option>
			<option value="2">DATE</option>
			<option value="3">IMAGE</option>
			<option value="4">IMAGE AND TITLE</option>
			<option value="5">IMAGE AND DATE</option>
		</param>

		<param type="spacer" />

		<param name="showimage" type="radio" default="1" label="SHOW IMAGE"
			description="SHOW IMAGE DESC">
			<option value="0">NO</option>
			<option value="1">YES</option>
		</param>
		<param name="imagewidth" type="text" default="50" size="5"
			label="IMAGE WIDTH" description="IMAGE WIDTH DESC" />
		<param name="imageheight" type="text" default="50" size="5"
			label="IMAGE HEIGHT" description="IMAGE HEIGHT DESC" />
		<param name="imagestretch" type="radio" default="1" label="IMAGE STRETCH"
			description="IMAGE STRETCH DESC">
			<option value="0">NO</option>
			<option value="1">YES</option>
		</param>
		<param name="imagequality" type="text" default="95" size="5"
			label="IMAGE QUALITY" description="IMAGE QUALITY DESC" />
		<param name="imagefloat" type="list" default="1" label="IMAGE POSITION"
			description="IMAGE POSITION DESC">
			<option value="0">LEFT</option>
			<option value="1">RIGHT</option>
		</param>
		<param name="eventswithouthimage" type="list" default="0" label="EVENTS WITHOUT IMAGE"
			description="EVENTS WITHOUT IMAGE DESC">
			<option value="0">SHOW DEFAULT IMAGE</option>
			<option value="1">DO NOT SHOW DEFAULT IMAGE</option>
			<option value="2">SUPRESS THE EVENT</option>
		</param>

		<param type="spacer" />

		<param name="showtitle" type="radio" default="1" label="SHOW TITLE"
			description="SHOW TITLE DESC">
			<option value="0">NO</option>
			<option value="1">YES</option>
		</param>
		<param name="cuttitle" type="text" default="18" size="5"
			label="MAX TITLE LENGTH" description="MAX TITLE LENGTH DESC" />

		<param type="spacer" />

		<param name="showauthor" type="radio" default="1" label="SHOW AUTHOR"
			description="SHOW AUTHOR DESC">
			<option value="0">NO</option>
			<option value="1">YES</option>
		</param>
		<param name="username" type="list" default="0" label="AUTHOR NAME"
			description="">
			<option value="0">NAME</option>
			<option value="1">USERNAME</option>
		</param>
		<param name="linkcbprofile" type="radio" default="0"
			label="LINK CB PROFILE" description="LINK CB PROFILE DESC">
			<option value="0">NO</option>
			<option value="1">YES</option>
		</param>

		<param type="spacer" />

		<param name="showdate" type="radio" default="1" label="SHOW DATE"
			description="SHOW DATE DESC">
			<option value="0">NO</option>
			<option value="1">YES</option>
		</param>
		<param name="showenddate" type="radio" default="0" label="SHOW END DATE"
			description="SHOW END DATE DESC">
			<option value="0">NO</option>
			<option value="1">YES</option>
		</param>
		<param name="showtime" type="radio" default="0" label="SHOW TIME"
			description="SHOW TIME DESC">
			<option value="0">NO</option>
			<option value="1">YES</option>
		</param>
		<param name="showendtime" type="radio" default="0" label="SHOW END TIME"
			description="SHOW END TIME DESC">
			<option value="0">NO</option>
			<option value="1">YES</option>
		</param>	
		<param name="formatdate" type="text" default="%d.%m.%Y" label="DATE FORMAT"
			description="DATE FORMAT DESC" />
		<param name="formattime" type="text" default="%H.%M" label="TIME FORMAT"
			description="TIME FORMAT DESC" />

		<param type="spacer" />

		<param name="showcategory" type="radio" default="1" label="SHOW CATEGORY"
			description="SHOW CATEGORY DESC">
			<option value="0">NO</option>
			<option value="1">YES</option>
		</param>
		<param name="linkcategory" type="radio" default="1"
			label="LINK TO CATEGORY" description="LINK TO CATEGORY DESC">
			<option value="0">NO</option>
			<option value="1">YES</option>
		</param>

		<param type="spacer" />

		<param name="showvenue" type="radio" default="1" label="SHOW VENUE"
			description="SHOW VENUE DESC">
			<option value="0">NO</option>
			<option value="1">YES</option>
		</param>
		<param name="linkvenue" type="radio" default="1" label="LINK TO VENUE"
			description="LINK TO VENUE DESC">
			<option value="0">NO</option>
			<option value="1">YES</option>
		</param>
		<param name="showstreet" type="radio" default="1" label="SHOW STREET"
			description="SHOW STREET DESC">
			<option value="0">NO</option>
			<option value="1">YES</option>
		</param>
		<param name="showcity" type="radio" default="1" label="SHOW CITY"
			description="SHOW CITY DESC">
			<option value="0">NO</option>
			<option value="1">YES</option>
		</param>
		<param name="showstate" type="radio" default="1" size="5"
			label="SHOW STATE" description="SHOW STATE DESC">
			<option value="0">NO</option>
			<option value="1">YES</option>
		</param>
		<param name="showcountry" type="radio" default="1" label="SHOW COUNTRY"
			description="SHOW COUNTRY DESC">
			<option value="0">NO</option>
			<option value="1">YES</option>
		</param>

		<param type="spacer" />

		<param name="showdescription" type="radio" default="1"
			label="SHOW DESCRIPTION" description="SHOW DESCRIPTION DESC">
			<option value="0">NO</option>
			<option value="1">YES</option>
		</param>
		<param name="cutdescription" type="text" default="50" size="5"
			label="MAX DESCRIPTION LENGTH" description="MAX DESCRIPTION LENGTH DESC" />
		<param name="showreadmore" type="radio" default="1" label="SHOW READ MORE"
			description="SHOW READ MORE DESC">
			<option value="0">NO</option>
			<option value="1">YES</option>
		</param>
		<param name="readmoretext" type="text" default="Read more" size="20"
			label="READ MORE" description="READ MORE DESC" />

		<param type="spacer" />

		<param name="event_image_order" type="radio" default="2"
			label="IMAGE_ORDER" description="">
			<option value="1">1</option>
			<option value="2">2</option>
			<option value="3">3</option>
			<option value="4">4</option>
			<option value="5">5</option>
			<option value="6">6</option>
			<option value="7">7</option>
		</param>
		<param name="event_title_order" type="radio" default="1"
			label="TITLE_ORDER" description="">
			<option value="1">1</option>
			<option value="2">2</option>
			<option value="3">3</option>
			<option value="4">4</option>
			<option value="5">5</option>
			<option value="6">6</option>
			<option value="7">7</option>
		</param>
		<param name="event_author_order" type="radio" default="3"
			label="AUTHOR_ORDER" description="">
			<option value="1">1</option>
			<option value="2">2</option>
			<option value="3">3</option>
			<option value="4">4</option>
			<option value="5">5</option>
			<option value="6">6</option>
			<option value="7">7</option>
		</param>
		<param name="event_datetime_order" type="radio" default="4"
			label="DATETIME_ORDER" description="">
			<option value="1">1</option>
			<option value="2">2</option>
			<option value="3">3</option>
			<option value="4">4</option>
			<option value="5">5</option>
			<option value="6">6</option>
			<option value="7">7</option>
		</param>
		<param name="event_category_order" type="radio" default="5"
			label="CATEGORY_ORDER" description="">
			<option value="1">1</option>
			<option value="2">2</option>
			<option value="3">3</option>
			<option value="4">4</option>
			<option value="5">5</option>
			<option value="6">6</option>
			<option value="7">7</option>
		</param>
		<param name="event_venue_order" type="radio" default="6"
			label="VENUE_ORDER" description="">
			<option value="1">1</option>
			<option value="2">2</option>
			<option value="3">3</option>
			<option value="4">4</option>
			<option value="5">5</option>
			<option value="6">6</option>
			<option value="7">7</option>
		</param>
		<param name="event_description_order" type="radio" default="7"
			label="DESCRIPTION_ORDER" description="">
			<option value="1">1</option>
			<option value="2">2</option>
			<option value="3">3</option>
			<option value="4">4</option>
			<option value="5">5</option>
			<option value="6">6</option>
			<option value="7">7</option>
		</param>

		<param type="spacer" />

		<param name="autoanim" type="radio" default="1" label="AUTO ANIM"
			description="AUTO ANIM DESC">
			<option value="0">NO</option>
			<option value="1">YES</option>
		</param>
		<param name="duration" type="text" default="500" size="5"
			label="ANIM SPEED" description="ANIM SPEED DESC" />
		<param name="delay" type="text" default="5000" size="5" label="ANIM DELAY"
			description="ANIM DELAY DESC" />
		<param name="scrollaxis" type="list" default="0" size="5"
			label="ANIM AXIS" description="ANIM AXIS DESC">
			<option value="0">HORIZONTAL</option>
			<option value="1">VERTICAL</option>
		</param>
		<param name="direction" type="list" default="1" size="5"
			label="ANIM DIRECTION" description="ANIM DIRECTION DESC">
			<option value="1">NORMAL</option>
			<option value="-1">OPPOSITE</option>
		</param>
		<param name="pauseable" type="radio" default="0" label="PAUSE ON MOUSE"
			description="PAUSE ON MOUSE DESC">
			<option value="0">NO</option>
			<option value="1">YES</option>
		</param>
		<param name="wheelstop" type="radio" default="0" label="MOUSE WHEEL STOP"
			description="MOUSE WHEEL STOP DESC">
			<option value="0">NO</option>
			<option value="1">YES</option>
		</param>
		<param name="trans_effect" type="list" default="Sine"
			label="TRANSITION EFFECT" description="TRANSITION EFFECT DESC">
			<option value="Back">Back</option>
			<option value="Bounce">Bounce</option>
			<option value="Circ">Circ</option>
			<option value="Cubic">Cubic</option>
			<option value="Elastic">Elastic</option>
			<option value="Expo">Expo</option>
			<option value="Quad">Quad</option>
			<option value="Quart">Quart</option>
			<option value="Quint">Quint</option>
			<option value="Sine">Sine</option>
		</param>
		<param name="trans_style" type="list" default="easeOut" label="TRANSITION STYLE"
			description="TRANSITION STYLE DESC">
			<option value="easeOut">Out Only</option>
			<option value="easeIn">In Only</option>
			<option value="easeInOut">In and Out</option>
		</param>

		<param name="shownavbar" type="radio" default="1" label="SHOW NAV BAR"
			description="SHOW NAV BAR DESC">
			<option value="0">NO</option>
			<option value="1">YES</option>
		</param>

	</params>

	<params group="advanced">
		<param name="elversion" type="list" default="0" label="EVENTLIST VERSION COMPATIBILITY"
			description="EVENTLIST VERSION COMPATIBILITY DESC">
			<option value="0">EventList 1.0.1</option>
			<option value="1">EventList 1.1</option>
		</param>
		<param name="use_css" type="list" default="1" label="USE CSS"
			description="USE CSS DESC">
			<option value="1">ENABLED</option>
			<option value="0">DISABLED</option>
		</param>
		<param name="cache" type="list" default="0" label="CACHING"
			description="CACHING DESC">
			<option value="0">Never</option>
		</param>
	</params>

</install>